{"Arabic": {"\u0642\u064e\u0627\u0644\u064e": {"meta": {"score": 1.9660282675971508, "wrong_streak": 0, "last_correct": 1621910031.6881099}, "answers": ["He said", "Everybody said", "We said", "They said", "She said"]}, "\u062c\u064e\u0639\u064e\u0644\u064e": {"meta": {"score": 2.0519243393366895, "wrong_streak": 0, "last_correct": 1621910116.7508023}, "answers": ["Made", "Making", "Glorifed", "Make", "Created"]}, "\u0643\u064e\u0627\u0646\u064e": {"meta": {"score": 0.6967250231899834, "wrong_streak": 0, "last_correct": 1621910108.0552797}, "answers": ["he was", "she is", "they are", "they were", "he is "]}, "\u0621\u064e\u0627\u0645\u064e\u0646\u064e": {"meta": {"score": 1.9758039365852251, "wrong_streak": 0, "last_correct": 1621910104.0994186}, "answers": ["He believed", "They believed", "Faith", "She believes", "Believe", "He believes"]}, "\u0643\u064e\u0641\u064e\u0631\u064e": {"meta": {"score": 1.3928124510447184, "wrong_streak": 0, "last_correct": 1621910111.3780992}, "answers": ["He disbelieved", "They disbelieve", "He is a disbeliever", "Disbelief", "Disbeliever", "They disbelieve"]}, "\u0642\u064e\u0627\u0644\u064f\u0648\u0627": {"meta": {"score": 1.0524378549438151, "wrong_streak": 0, "last_correct": 1621910097.5328138}, "answers": ["They said", "He says", "They say", "Say", "He said"]}, "\u0623\u064e\u0631\u064e\u0627\u062f\u064e": {"meta": {"score": 0.7044259245872497, "wrong_streak": 0, "last_correct": 1621910091.704968}, "answers": ["He desired", "He sent", "He thought", "He took", "He thinks", "He desires"]}, "\u0631\u064e \u0633\u064e\u0644\u064e": {"meta": {"score": 0.7023732351462046, "wrong_streak": 0, "last_correct": 1621910060.9146268}, "answers": ["He sent", "Message", "he sends", "He gave", "he goes", "He went", "He gives"]}}}