{"Arabic Verbs": {"\u0642\u064e\u0627\u0644\u064e": {"meta": {"score": 10.313086214151971, "wrong_streak": 0, "last_correct": 1638476243.891482}, "answers": ["He said", "Everybody said", "We said", "They said", "She said"]}, "\u062c\u064e\u0639\u064e\u0644\u064e": {"meta": {"score": 2.801695637427306, "wrong_streak": 0, "last_correct": 1621911373.3203213}, "answers": ["Made", "Glorifed", "Making", "Make", "Created"]}, "\u0643\u064e\u0627\u0646\u064e": {"meta": {"score": 5.315847356748106, "wrong_streak": 0, "last_correct": 1638461562.0880432}, "answers": ["he was", "she is", "they were", "he is ", "they are"]}, "\u0621\u064e\u0627\u0645\u064e\u0646\u064e": {"meta": {"score": 9.33899431299412, "wrong_streak": 0, "last_correct": 1638476249.8732452}, "answers": ["He believed", "He believes", "They believed", "She believes", "Faith", "Believe"]}, "\u0643\u064e\u0641\u064e\u0631\u064e": {"meta": {"score": 6.480843679714202, "wrong_streak": 0, "last_correct": 1638461569.3686657}, "answers": ["He disbelieved", "They disbelieve", "He is a disbeliever", "They disbelieve", "Disbeliever", "Disbelief"]}, "\u0642\u064e\u0627\u0644\u064f\u0648\u0627": {"meta": {"score": 1.4877986395430598, "wrong_streak": 0, "last_correct": 1638476257.8968735}, "answers": ["They said", "He said", "He says", "They say", "Say"]}, "\u0623\u064e\u0631\u064e\u0627\u062f\u064e": {"meta": {"score": 2.899521262027683, "wrong_streak": 0, "last_correct": 1638476235.1938667}, "answers": ["He desired", "He thinks", "He thought", "He desires", "He took", "He sent"]}, "\u0631\u064e \u0633\u064e\u0644\u064e": {"meta": {"score": 6.350736089992523, "wrong_streak": 0, "last_correct": 1638476264.156459}, "answers": ["He sent", "he sends", "He gives", "He went", "Message", "he goes", "He gave"]}, "\u0642\u064e \u062a\u064e \u0644\u064e": {"meta": {"score": 6.65820712483724, "wrong_streak": 0, "last_correct": 1638461521.6850173}, "answers": ["He killed", "He left", "He kills", "He comes", "He lived", "He lives", "He came"]}, "\u0639\u064e\u0647\u0650\u062f\u064e": {"meta": {"score": 0.0, "wrong_streak": 0, "last_correct": 1638457904.6093998}, "answers": ["bade", "gave", "guided", "tried"]}}, "Algebra": {"What is the base?": {"meta": {"score": 6.171885301844279, "wrong_streak": 0, "last_correct": 1638464569.4825685}, "answers": ["The number multiplied by itself in an exponent", "Another word for zero", "The center point on a graph"]}, "What is this property called?: x^n * x^m = x^n+m": {"meta": {"score": 5.500995946566264, "wrong_streak": 0, "last_correct": 1638464583.0736606}, "answers": ["The Product Rule", "The Power Rule", "The Quotient Rule", "Power with Exponent Zero"]}, "What is this property called?: x^n / x^m = x^n-m": {"meta": {"score": 1.1465477097520003, "wrong_streak": 0, "last_correct": 1638464578.4299262}, "answers": ["The Quotient Rule", "The Product Rule", "The Base Rule", "The Power Rule"]}, "What is this property called?: (x^n)^m = x^n*m": {"meta": {"score": 1.9450416648088518, "wrong_streak": 0, "last_correct": 1638464572.4386957}, "answers": ["The Power Rule", "The Divsior Rule", "The Product Rule", "The Exponent Rule", "The Quotient Rule"]}, "What is the refactored definition of x^-n?": {"meta": {"score": 1.5874010519681994, "wrong_streak": 0, "last_correct": 1638464042.5959334}, "answers": ["1/x^n", "-x^(n/2)", "-x^n", "1/x*n"]}}, "Math": {"What is a secant?": {"meta": {"score": 0.0, "wrong_streak": 0, "last_correct": 1622228900.9914534}, "answers": ["A straight line that intersects a curve twice", "Something you can't see", "A straight line that touches a curve once", "A straight line that intersects a curve once"]}, "What is a chord?": {"meta": {"score": 0.0, "wrong_streak": 0, "last_correct": 1622228900.9914534}, "answers": ["A line connecting two points on a curve.", "A line that intersects a curve twice", "A line that touches a curve once.", "A line that touches a curve twice"]}, "What is a limit?": {"meta": {"score": 0.0, "wrong_streak": 0, "last_correct": 1622228900.9914534}, "answers": ["A value that a function approaches.", "The value right below infinity", "The highest and lowest point a curve reaches"]}}, "Arabic Tajweed Symbols": {" \u06f0 ": {"meta": {"score": 4.12568291708083, "wrong_streak": 0, "last_correct": 1638477047.1413143}, "answers": ["Zero", "One", "Four", "Nine", "Five", "Three", "Two"]}, "\u06f1": {"meta": {"score": 6.555802453899383, "wrong_streak": 0, "last_correct": 1638476321.646572}, "answers": ["One", "Two", "Three", "Six", "Five", "Four", "Nine"]}, "\u06f2": {"meta": {"score": 6.557051253255207, "wrong_streak": 0, "last_correct": 1638476340.3785996}, "answers": ["Two", "Six", "Three", "Four", "Nine", "One", "Five"]}, "\u06f3": {"meta": {"score": 4.649331248658955, "wrong_streak": 0, "last_correct": 1638477071.003194}, "answers": ["Three", "Five", "Ten", "Six", "Seven", "Four", "Eight"]}, "\u0664": {"meta": {"score": 5.124274092633953, "wrong_streak": 0, "last_correct": 1638477073.1299822}, "answers": ["Four", "Three", "Eight", "One", "Two", "Six"]}, "\u0665": {"meta": {"score": 4.789240544987609, "wrong_streak": 0, "last_correct": 1638477057.1788626}, "answers": ["Five", "Six", "Eight", "Nine", "Zero", "One"]}, "\u0666": {"meta": {"score": 5.605726946862538, "wrong_streak": 0, "last_correct": 1638477055.513898}, "answers": ["Six", "One", "Five", "Seven"]}, "\u0667": {"meta": {"score": 6.605479309590658, "wrong_streak": 0, "last_correct": 1638477066.7994049}, "answers": ["Seven", "Five", "One", "Zero", "Four", "Nine"]}, "\u0668": {"meta": {"score": 6.6045110875288655, "wrong_streak": 0, "last_correct": 1638477052.2760768}, "answers": ["Eight", "Zero", "Five", "Nine", "One"]}, "\u0669": {"meta": {"score": 5.890853668578465, "wrong_streak": 0, "last_correct": 1638476337.4147315}, "answers": ["Nine", "Two", "One", "Three", "Five", "Four"]}, "\u0661\u0660": {"meta": {"score": 3.459789056992827, "wrong_streak": 0, "last_correct": 1638477049.084225}, "answers": ["Ten", "One", "Zero"]}}, "Arabic Numbers": {" \u06f0 ": {"meta": {"score": 8.12568291708083, "wrong_streak": 0, "last_correct": 1645979746.9512358}, "answers": ["Zero", "Three", "Nine", "One", "Two", "Four", "Five"]}, "\u06f1": {"meta": {"score": 6.555802453899383, "wrong_streak": 0, "last_correct": 1638476321.646572}, "answers": ["One", "Two", "Four", "Nine", "Six", "Five", "Three"]}, "\u06f2": {"meta": {"score": 10.557051253255207, "wrong_streak": 0, "last_correct": 1645979734.304221}, "answers": ["Two", "Five", "Nine", "One", "Three", "Six", "Four"]}, "\u06f3": {"meta": {"score": 3.149331248658955, "wrong_streak": 1, "last_correct": 1638477071.003194}, "answers": ["Three", "Six", "Ten", "Eight", "Four", "Five", "Seven"]}, "\u0664": {"meta": {"score": 9.124274092633954, "wrong_streak": 0, "last_correct": 1645979724.448214}, "answers": ["Four", "Two", "Three", "Eight", "Six", "One"]}, "\u0665": {"meta": {"score": 3.289240544987609, "wrong_streak": 1, "last_correct": 1638477057.1788626}, "answers": ["Five", "Zero", "Six", "One", "Nine", "Eight"]}, "\u0666": {"meta": {"score": 5.605726946862538, "wrong_streak": 0, "last_correct": 1638477055.513898}, "answers": ["Six", "One", "Five", "Seven"]}, "\u0667": {"meta": {"score": 10.939802381388347, "wrong_streak": 0, "last_correct": 1645979740.4093194}, "answers": ["Seven", "Five", "Zero", "Nine", "One", "Four"]}, "\u0668": {"meta": {"score": 10.604511087528866, "wrong_streak": 0, "last_correct": 1645979751.13919}, "answers": ["Eight", "One", "Zero", "Five", "Nine"]}, "\u0669": {"meta": {"score": 9.890853668578465, "wrong_streak": 0, "last_correct": 1645979727.039218}, "answers": ["Nine", "Four", "Five", "Two", "One", "Three"]}, "\u0661\u0660": {"meta": {"score": 3.459789056992827, "wrong_streak": 0, "last_correct": 1638477049.084225}, "answers": ["Ten", "One", "Zero"]}}, "Financial Jargon": {"What is a Proprietary Trader?": {"meta": {"score": 0, "wrong_streak": 2, "last_correct": 1646001657.3076591},